company,sponsor_ein,plan_no,ack_id,insurer_name,naic,benefit_type,persons_covered,commissions_paid,fees_paid,charges_paid,premium_reported
woven,862554188,501,20250926065405NAL0008291185001,CALIFORNIA PHYSICIANS SERVICE,47732,HEALTH/DRUG/PPO,889,0,327420,10278507,no
woven,862554188,501,20250926065405NAL0008291185001,"KAISER FOUNDATION HEALTH PLAN, INC.",00000,HEALTH/DRUG/HMO,216,41813,0,879218,no
woven,862554188,501,20250926065405NAL0008291185001,METROPOLITAN LIFE INSURANCE COMPANY,65978,DENTAL,1051,81039,25696,688513,no
woven,862554188,501,20250926065405NAL0008291185001,VISION SERVICE PLAN,00000,VISION,500,11897,0,119509,no
woven,862554188,501,20250926065405NAL0008291185001,"NATIONAL UNION FIRE INSURANCE COMPANY OF PITTSBURGH, PA",19445,OTHER (BUSINESS TRAVEL ACCIDENT),511,2225,0,8901,no
woven,862554188,501,20250926065405NAL0008291185001,FOUR EVER LIFE INSURANCE COMPANY,80985,HEALTH/DENTAL/VISION/DRUG,21,4285,0,85698,no
woven,862554188,501,20250926065405NAL0008291185001,METLIFE LEGAL PLANS,00000,OTHER (LEGAL),204,2322,0,23223,no
woven,862554188,501,20250926065405NAL0008291185001,HAWAII MEDICAL SERVICE ASSOCIATION,49948,HEALTH/DENTAL/VISION/LIFE_INSUR/DRUG/PPO/OTHER (ACCIDENTAL DEATH AND DISMEMBERMENT),4,0,0,30707,no
woven,862554188,501,20250926065405NAL0008291185001,MODERN HEALTH,00000,OTHER (EMPLOYEE ASSISTANCE PROGRAM),1588,0,0,392935,no
woven,862554188,501,20250926065405NAL0008291185001,METROPOLITAN GENERAL INSURANCE COMPANY,39950,OTHER (LEGAL),203,1521,0,15314,no
woven,862554188,501,20250926065405NAL0008291185001,UNUM LIFE INSURANCE COMPANY OF AMERICA,62235,"LIFE_INSUR/TEMP_DISAB/LONG_TERM_DISAB/OTHER (ACCIDENTAL DEATH AND DISMEMBERMENT, EMPLOYEE ASSISTANCE PROGRAM)",511,59361,10388,641007,no
tri,810700429,501,20250630174203NAL0006396867001,"KAISER FOUNDATION HEALTH PLAN, INC.",00000,HEALTH/DRUG/HMO,123,76734,0,1102577,no
tri,810700429,501,20250630174203NAL0006396867001,DELTA DENTAL OF CALIFORNIA,00000,DENTAL,683,26765,0,535748,no
tri,810700429,501,20250630174203NAL0006396867001,ACE AMERICAN INSURANCE COMPANY,22667,OTHER (BUSINESS TRAVEL ACCIDENT),282,2007,182,13380,no
tri,810700429,501,20250630174203NAL0006396867001,"PRE-PAID LEGAL SERVICES, INC DBA LEGALSHIELD",00000,OTHER (LEGAL),120,2271,0,20296,no
tri,810700429,501,20250630174203NAL0006396867001,UNUM LIFE INSURANCE COMPANY OF AMERICA,62235,"LIFE_INSUR/TEMP_DISAB/LONG_TERM_DISAB/OTHER (ACCIDENTAL DEATH AND DISMEMBERMENT, EMPLOYEE ASSISTANCE PROGRAM)",281,8726,0,317401,no
tri,810700429,501,20250630174203NAL0006396867001,VISION SERVICE PLAN,00000,VISION,302,2019,0,67997,no
tri,810700429,501,20250630174203NAL0006396867001,UNITEDHEALTHCARE INSURANCE COMPANY,79413,HEALTH/DRUG/PPO,560,357069,0,7141390,no
tri,810700429,501,20250630174203NAL0006396867001,"HEALTH ADVOCATE SOLUTIONS, INC.",00000,OTHER (EMPLOYEE ASSISTANCE PROGRAM),302,0,0,4858,no
tcna,811088317,501,20250408105348NAL0029630544001,DEARBORN LIFE INSURANCE COMPANY,71129,"VISION/LIFE_INSUR/TEMP_DISAB/LONG_TERM_DISAB/OTHER (ACCIDENTAL DEATH AND DISMEMBERMENT, ACCIDENT, CRITICAL ILLNESS)",247,31580,18481,393767,no
tcna,811088317,501,20250408105348NAL0029630544001,BLUECROSS BLUESHIELD OF TEXAS,00000,DENTAL,598,27012,29355,272765,no
tmna,953141669,503,20251009132615NAL0006645457004,KAISER FOUNDATION HEALTH PLAN INC,00000,HEALTH/DRUG/HMO,999,0,0,7503272,no
tmna,953141669,503,20251009132615NAL0006645457004,KAISER FOUNDATION HEALTH PLAN INC,00000,HEALTH/DRUG/HMO,222,0,0,2202805,no
tmna,953141669,503,20251009132615NAL0006645457004,SECURIAN LIFE INSURANCE COMPANY,93742,OTHER (AD&D),22448,0,53333,3935978,no
tmna,953141669,503,20251009132615NAL0006645457004,SECURIAN LIFE INSURANCE COMPANY,93742,LIFE_INSUR,72576,0,370035,27318855,no
tmna,953141669,503,20251009132615NAL0006645457004,THE PRUDENTIAL INSURANCE COMPANY OF AMERICA,68241,LIFE_INSUR,158,24832,0,307812,no
tmna,953141669,503,20251009132615NAL0006645457004,"ARAG SERVICES, LLC",34738,OTHER (LEGAL),22078,0,0,2362078,no
tmna,953141669,503,20251009132615NAL0006645457004,AMERICAN HERITAGE LIFE INSURANCE COMPANY,60534,LIFE_INSUR,346,25616,0,178338,no
tmna,953141669,503,20251009132615NAL0006645457004,LINCOLN NATIONAL LIFE INSURANCE COMPANY,65676,LONG_TERM_DISAB,15528,0,140243,8982018,no
tmna,953141669,503,20251009132615NAL0006645457004,LINCOLN NATIONAL LIFE INSURANCE COMPANY,65676,LONG_TERM_DISAB,24215,0,225500,16601370,no
tmna,953141669,503,20251009132615NAL0006645457004,FOUR EVER LIFE INS CO.,80985,HEALTH,307,0,18044,1804396,no
tmna,953141669,503,20251009132615NAL0006645457004,"EMPATHIA, INC.",62419,OTHER (EMPLOYEE ASSISTANCE PROGRAM),43971,0,0,1046731,no
tmna,953141669,503,20251009132615NAL0006645457004,SECURIAN LIFE INSURANCE COMPANY,93742,OTHER (AD&D),44607,0,11868,876192,no
tmna,953141669,503,20251009132615NAL0006645457004,SECURIAN LIFE INSURANCE COMPANY,93742,OTHER (BUSINESS TRAVEL ACCIDENT),0,0,257,19000,no
tmna,953141669,503,20251009132615NAL0006645457004,AMERICAN HERITAGE LIFE INSURANCE COMPANY,60534,LIFE_INSUR,7,99,0,1938,no
tmna,953141669,503,20251009132615NAL0006645457004,KAISER FOUNDATION HEALTH PLAN OF THE NORTHWEST,95540,HEALTH/DRUG/HMO,41,0,0,307343,no
tmna,953141669,503,20251009132615NAL0006645457004,UNUM INSURANCE COMPANY,67601,OTHER (HOSPITAL EE PAID),1111,63122,3281,315598,no
tmna,953141669,503,20251009132615NAL0006645457004,UNUM INSURANCE COMPANY,67601,OTHER (GROUP ACCIDENT),1582,66301,3560,331515,no
tmna,953141669,503,20251009132615NAL0006645457004,UNUM INSURANCE COMPANY,67601,OTHER (ATTAINED AGE CRITICAL ILLNESS),1508,106803,5235,534015,no
